paper_id;author_keywords
1;"statistical word alignment,ensemble learning,heuristic word alignment"
2;"representation,spectral learning,discrete Fourier,basis selection,ensemble"
3;"Software defect prediction,Particle swarm optimization,Cluster data,Ensemble clustering"
4;"filtering,label noise,instance weighting"
5;"Twitter,Adaptation models,Time-frequency analysis,Event detection,Context,Vectors"
6;"dimensionality reduction,mobile security,android,principal components analysis"
7;"active learning,semi-supervised learning,audio CAPTCHA,automatic speech recognition"
8;"Software Architecture,Machine Learning,Q-Learning,Security,Repair"
9;"Signature,Discretize,Unordered,Classification,Training,Bag-of-pattern"
10;"abnormal event detection,low-rank approximation,adaptive learning"
11;"Smart Environment,Activity Recognition,Graph Representation"
12;"RFE,feature selection,embedded methods,Support Vector Machines,Recursive Feature Addition"
13;"Object Tracking,Convolutional Neural Network,Feature Learning"
14;"GUI,feature selection,faults localization"
15;"Statistical Learning,Dimensionality Reduction,Manifold Learning,Tangent Bundle Manifold Learning,Unsupervised Learning"
16;"Markov Decision Processes,Bayesian Nonparametrics,Inverse Reinforcement Learning"
17;"Reinforcement learning,state abstraction,intelligent agent,complexity reduction"
18;"Lifelong machine learning,oblivion criterion,knowledge topology and acquisition,declarative learning"
19;"Multi-label learning,Decision Trees,Covariance Matrix,Splitting Criteria"
20;"finite-state machines,constraint satisfaction problem,ant colony optimization,model checking,control,hybrid algorithms"
21;"Human action recognition,action bank features,deep convolutional network"
22;"High-order RBMs,Cyclic Contrastive Divergence Learning,Gradient Approximation,Convergence,Upper Bound"
23;"convolutional neural networks (CNN),Facial expression recognition"
24;"transfer learning,deep learning,artificial neural networks"
25;"instance selection,neural networks,training speed"
26;"convolutional neural networks (CNN),motion capture (MOCAP)"
27;"Czech NER,Named Entity Recognition,Word Embeddings,Skip-gram,Turkish NER"
28;"forecasting,feature selection,neural networks"
29;"machine learning,radial basis functions,neural networks,feed-forward networks"
30;"Human activity recognition,Convolutional Neural Networks (CNN)"
31;"Kernel k-means,Semi-supervised clustering,Temporal segmentation"
32;"Information Need Modeling,Positive Unlabeled Learning,Transductive Learning,Search by Multiple Examples"
33;"Equations,Databases,Standards,Labeling,Vectors,Image processing,Classification algorithms"
34;"Networks,Association Rules,Pruning,Post-Processing,Label Propagation"
35;"Variational Inference,Probit Regression,Exponential Regression,Inverse Gaussian Regression,Dirichlet Process"
36;"Varying Coefficient Model,longitudinal data,gestational hypertension"
37;"logistic regression,Intensive care units,mortality rate prediction,score systems,orthogonal matching pursuit"
38;"Force plate,hemiplegic gait,logistic regression,machine learning,gait analysis"
39;"medical informatics,Bayesian networks,structure learning"
40;"Time series analysis,Correlation,Standards,Error analysis,Vectors,Electrocardiography,Training"
41;"Sociology,Statistics,Noise,Testing,Prediction algorithms,Algorithm design and analysis,Genetics"
42;"energy end-use model,dimensional reduction,sequential optimization"
43;"speech recognition,phoneme,k-Nearest Neighbor,classification,phoneme prediction,template matching"
44;"History,Feature extraction,Outsourcing,Companies,Collaboration,Approximation algorithms"
45;"classification,self-organizing map,genetic optimization and supervision"
46;"features selection,voiceprint,MFCCs,information theory"
47;"Nearest neighbor search,RP trees"
48;"Topic detection,Instant message,PLSA,Multilingual,Useless words"
49;"integrative complexity,aggression,intervention systems,machine learning,logistic regression,support vector machines"
50;"Twitter,Association rules,Games,Fans,Pattern matching,Educational institutions"
51;"feature discovery,spectral learning,discrete Fourier,sentiment analysis"
52;"Recommender systems,Two-sided markets"
53;"Control systems,Process control,Kernel,Gaussian processes,Principal component analysis,Robustness,Vectors"
54;"Arctic Sea Ice,SVR,Time Series Forecasting"
55;"WiFi SLAM,Mobile Robots,Random Forests ,GPLVM,Khepera"
56;"Cost sensitive classification,Credit Scoring,Logistic Regression"
57;"runtime analysis,objective selection,algorithm selection,online selection,ea+rl"
58;"Anytime Algorithm,Nearest Neighbor,Classification,Data Stream"
59;"Error analysis,Training,Prediction algorithms,Data models,Computer science,Educational institutions,Electronic mail"
60;"rejection,statistical learning,bayes classifier"
61;"mass transfer,cma-es,protein conformation,conformation motion"
62;"Reinforcement Learning,Budgeted Learning,Bayesian,Active Learning,Personalized Treatment"
63;"TRACLUS Clustering,Visualising,Singing Style,Music Event"
64;"Music,chord,feature"
65;"Bayesian Analysis,Probabilistic Matrix Factorization,Uncertainty Quantification"
66;"Vegetation,Indexes,Batteries,Tuning,Hybrid electric vehicles,Temperature measurement"
67;"audio,classification,multimodal"
68;"multi-objective particle swarm optimization,Case-Based Reasoning,adaptation method,software effort estimation"
69;"linear regression,student success,educational analytics,Markov Network"
70;"traffic prediction,online learning,flow forecast,stochastic gradient descent"
71;"Accuracy,Sensitivity,Data models,Machine learning algorithms,Training,Equations"
72;"In-Hospital Length of Stay Prediction,Supervised Machine Learning,Support Vector Machines,Support Vector Machines Plus,Random Forests,Multi-Task Learning,Diabetes"
73;"WEKA,Dynamic System,Classification,Machine Learning techniques,Heart Disease"
74;"Partitioning Clustering,Clustering,Divisive Analysis,Genetic Algorithms,Gower's Measure of Similarity,Master Degree in Information Technology"
75;"American Sign Language,support vector machine,deaf education"
76;"engagement detection,machine learning"
77;"intelligent tutoring systems,text classification"
78;"educational data mining"
79;"collaborative learning,balanced K-means,group diversity"
80;"educational data mining (EDM),data mining,data warehouse,naive bayes,classification,estimation of students successes"
81;"URAP Rankings,Social Networks,Sentiment Analysis,Twitter,Academic Success,Turkish Universities"
82;"simulation,application layer DDoS,dynamic Web domain,intrusion detection &amp,defence,data stream with concept drift,outlier detection"
83;"Spamdexing,Social networks,Sybil account,Fake user accounts,Twitter,Web spam,Content spam"
84;"mobile store security,resource exhausting,artificial neural network (ANN),DoS attack"
85;"KNN,Fingerprint,age,classification"
86;"Fuzzy discrete event system,incompete model"
87;"Vectors,Matrix decomposition,Approximation methods,Singular value decomposition,Wind speed"
88;"neural network,dc-dc converter,PID control"
89;"Gaussian process,Ensemble Learning,Online Learning,Crude oil price forecasting,linear regression,support vector machine,decision tree"
90;"non-stationary,objective selection,multiobjectivization,auxiliary objectives,ea+rl,reinforcement learning"
91;"parameter control,reinforcement learning,multi-objectivization,evolutionary algorithms"
92;"text analysis,information retrieval,iterative methods,statistical analysis"
93;"Bayes methods,Partitioning algorithms,Meteorology,Noise,Stochastic processes,Convergence,Probabilistic logic"
94;"Classification Algorithms,2D:4D,Mass Deaths,Automatic Gender Estimation,Index and Ring Finger Ratio"
95;"expected change in classifier's accuracy,visual inspection,new event types,integration of new classes on-the-fly,evolving (fuzzy) classifiers"
96;"personalized item,audio equalizer,transfer learning,collaborative filtering"
97;"natural language processing,semantic slot labelling,semi-supervised learning,interactive systems"
98;"classification,multimodal,sparse methods,audio"
99;"machine-sourced,computer-aided diagnosis,crowd-sourcing,lung cancer,segmentation"
100;"training with noisy data,wheel alignment,2-dim distance measure,neural network,kohonen self organizing network,association map"
101;"Blind source seperation,face recognition,feature vector,eigenfaces,eigenvalues,eigenvector,Small sample size problem"
102;"target detection,computer vision,statistical image clutter metrics,multivariate analyses,neurofuzzy system"
103;"spatio-temporal data,causal discovery,graphical model,structure learning,climate science,climate"
104;"the lasso estimate,Wind turbine,pitch system"
105;"drug-design,Machine learning,feature selection,KEGG signalling pathways"
